,Correlation
H1-0,0.0032251223910884463
RASD1,0.00106374559574299
STAB1,-0.03868349399409087
FSCN1,0.017178551554284386
SLC7A5,-0.00046929744585663696
PPP1R3C,-0.025846179488569532
GATM,-0.027046107494974415
PROS1,0.009442292088833739
SERPINA1,-0.002982861103398316
CFH,-0.018453294626063044
LRG1,-0.0068619780626475784
SERPINF2,-0.019428634826408574
NDRG2,-0.02703973516311442
RAP1GAP,0.014057408133189347
TESC,0.01725333932303554
ANPEP,0.0017367035033048653
REEP6,0.014739001297281087
KCNK5,-0.015607393623773343
SMIM24,0.016635981463594945
TPPP3,0.02256584511049355
DEFB1,0.02261883009819447
AQP1,-0.022459534124588336
TMEM37,-0.012018769380683823
CYP1B1,0.011658949179929958
IGFBP3,-0.025860963481303307
FBP1,0.013898258531420443
VSIG2,-0.00018175776751693182
GATA3,0.008282953595133619
TBX3,-0.017925665677358454
MGST1,-0.007092292327574211
RARRES1,-0.011772781023381184
NRN1,7.498533963649632e-05
TSPAN13,0.008357309984433263
ALDH1A1,-0.012433046142459022
MGP,-0.017324494291105066
ERBB2,-0.026727176431347012
GRB7,-0.01222684095592742
PTGR1,0.015520345157331637
AKR1C3,0.01059563143511657
RBP7,0.01596733157231615
CBR1,0.01892865557888516
GSTP1,0.06159383292337937
EGFR,-0.04624066631806744
IGFBP6,0.01908386930205293
F3,-0.03323878407946368
EFEMP1,-0.04184739820247143
RRAD,0.026271009724140416
PLAT,0.010106475380741038
EMP1,0.011330893147936593
ACKR3,-0.011814969969289468
ECM1,-0.007766887112819639
CX3CL1,-0.006177290399232011
APOL1,0.006432647916755793
TYMP,-0.006502126922334887
CXCL10,-0.007964461419802372
GBP1,-0.012240909767751463
LAMP3,-0.0033508984384835543
TNFSF10,-0.019899757076214053
ANGPTL4,-0.024174344497804874
NDUFA4L2,-0.01352471352346397
SLC2A1,-0.0071204106259194445
ADM,-0.011464458292783591
NDRG1,-0.01815176686624288
DHRS3,-0.017573321217504167
EMP2,0.015663573825128015
EGLN3,-0.005891370931059763
PTGES,-0.03121450678753685
HSPB8,-0.01338181698614387
THBD,-0.01424613696680151
ANXA1,0.025909237218708636
GJB2,-0.0016419965458987012
AQP3,0.007661658078625236
IL1RN,-0.005335324105281267
CNFN,0.045437672197448466
S100A9,-0.013182520714645811
DSC2,-0.0045698511711847216
CSTA,0.019914350881796973
CSTB,0.020208077869249125
FABP5,0.026185982197962324
S100A8,0.0001873448150701248
FGFR3,0.016641853254955413
PTPN13,-0.02437571473932923
CAV1,-0.002564869793462281
CAV2,0.0004831650122227062
PLAU,0.00992448160263883
LAMB3,-0.0036859585090181263
LAMC2,0.006730127187609738
P3H2,-0.013488606412527039
RAB38,-0.006763965289461205
EVPL,0.01604121264477513
ID1,0.016135134724527107
FAM110C,-0.020092960416188382
HSPB1,0.06430444846347871
S100A11,0.03564034449894952
RHOD,0.02478469626352461
PACSIN3,0.02766025011792685
KRT19,0.00771970792326512
S100A14,0.014920447935386558
S100A16,0.02550030180773358
CLDN1,-0.01594534006395551
FZD6,0.0017105529495601013
DSP,0.01777745800059466
JUP,0.025100746602832787
RIPK4,-0.02913345602592874
PPL,-0.008455244726843954
MPZL2,0.002336590854858815
TACSTD2,-0.00012035044953810811
KRT17,0.014855250769263155
NECTIN1,0.0010184510219602508
IRF6,0.017825859270196965
NECTIN4,-0.01329966574508186
PERP,-0.001407622267147104
SDC1,0.0029281869557449204
RHOV,-0.011177978413657464
S100A2,0.025410637725356587
SFN,0.023073718446777258
CDH3,0.0051216361149519765
COL7A1,-0.012821317658883795
IGSF3,-0.015975428422486698
PTGFRN,0.0016886003808438115
BAG3,0.03823735592245072
RND3,0.014126728120430995
TGFA,-0.014482695936145243
KCNK1,0.012224357688468341
ITGB4,0.004537600713221176
CDCP1,0.005853324621237027
ANXA2,0.012590875317989456
EPHA2,-0.03173169084152464
NIBAN2,-0.01778468952748446
PPIC,0.007573310019407977
HES1,0.03018080493335028
EFNA1,-0.009968784568047688
SDC4,0.005966745909001226
RAI14,0.006465618809442506
TUSC3,0.00846353093562137
OSMR,-0.022468655268220273
PLOD2,0.007900198801039295
TNFRSF12A,0.011727211769164286
ITGA3,0.022791080483310674
TPBG,-0.005698886167186854
CLIC3,0.03072904868499642
PDLIM4,0.017014326492537188
ARL4D,0.03421288245579399
PHLDA3,0.025998443790825672
SEMA3F,-0.01478632905097543
MARCKS,-0.013105851895038996
SLC7A8,0.01714344044971503
GSTA4,-0.003663058257814985
TSPAN9,-0.021707893856167417
EFS,-0.001779468104075007
GPC1,0.028164137005065593
CXCL14,0.005961088555060995
QPCT,-0.03119383160921869
IL33,-0.013690886010525686
JCHAIN,-0.030395918875585688
TCIM,-0.0037281188658444377
SMOC2,-0.03370511911013493
CXCL1,-0.020878981666196568
LCN2,0.005842792467683577
PDZK1IP1,-0.006640545554243185
CAMK2N1,-0.022682409881880427
CREB3L1,-0.009801305550058032
NT5E,-0.0008285018824882029
DUSP4,-0.008763597330524368
PHLDA1,0.0029535908295678552
PLBD1,0.0019442702797383752
SCD,0.0221814854544889
CDCA7,0.0019864034816389152
ETS2,-0.028979761584673212
SULF2,-0.015991215428656044
SPON2,0.008381178035478266
PMEPA1,0.0063793352115330175
TGFBI,-0.02213630206738343
SEMA3C,-0.014935241136189136
TNFRSF21,-0.015276456322628203
ERRFI1,-0.023247016938623483
LRIG3,-0.007843694638058101
EPAS1,-0.06705306779625363
ITGAV,-0.024183513610950634
PALLD,-0.011799175420795503
NPNT,0.016886313204206766
CA12,0.0061059691899646796
MYO1B,-0.019677784723656912
LIMA1,-0.027533572244615626
ITGA2,-0.022578594848393196
ITGA6,-0.0219084196430742
ANXA3,0.005514575635800699
HES6,0.02249923831913733
NPDC1,0.0100692880871989
FCGBP,-0.01705041097417446
TFF3,-0.008408163955070134
CDC42EP5,0.02871526609804491
ITM2C,-0.007346733702331796
CKB,0.026192819657338686
SOD3,0.0047895591489146815
SLC1A1,0.003784156581444673
C1orf115,0.0032451745615420836
CADPS2,-0.02523807774505281
GDF15,0.006005715081900768
IER3,0.0020409373280508196
HOXB7,0.0247070640872409
S100A10,0.00425972373687911
PHLDA2,0.025237873870818137
S100A6,0.02699347140588958
S100P,-0.01970405659981676
SERINC2,0.013483936784317306
TINAGL1,-0.029770723618705797
GALNT3,0.00995725256950637
DSG2,-0.02026076155762542
MYO6,0.0003268404184984165
KLF5,0.005779987779433528
PTPRK,-0.020635634692013575
RASEF,-0.013699632572846695
CDS1,0.003590003914042138
CDH1,-0.012429540813526672
ESRP2,-0.005086417778379112
SEPTIN10,0.0032424664251297897
GNG12,-0.005949201178394636
SNX7,-0.010927652857919575
CHMP4C,0.005378324080992297
DSTN,0.020613265301406905
CXADR,0.0035397653518289937
TMEM30B,0.028122253953491598
EPHB3,-0.02083957413824307
SOX9,-0.007785905839865753
CTTN,0.011392906435560395
CD151,0.011065163454756747
EPS8L2,-0.028252123057331435
PKP3,-0.0024507047225907626
NBL1,0.011654027681096774
BCAR1,0.006365917587984255
FBLIM1,-0.007973330524888236
MMP15,0.018759696452776337
PCDH1,-0.007530633421535162
CGN,-0.017876244105718114
ERBB3,-0.015615891403346396
PRSS8,0.0019660082694413685
BAIAP2L1,-0.017671635524735788
CLDN4,0.008663818412093514
ELF3,-0.02711795029935153
PYCR1,-0.007042054354183732
STARD10,0.022324401796040786
STAP2,0.04066400952857601
PLPP2,0.021413243570601696
TMEM54,0.01191503480729677
LAD1,0.010172951572670756
RAB25,0.008658155319207534
KRT18,0.03946177528508623
KRT8,0.04305503587038991
SPR,-0.0020972802317431945
TSPAN15,0.007950955217450687
KRTCAP3,0.012467331357571118
CLDN7,-0.0045603922579605044
CRB3,0.02162492081435287
TPM1,0.0024566301618776693
GPRC5A,-0.003244297855833283
TSPAN1,0.021416562319119394
AKR7A3,0.0009153302014788501
CMBL,-0.004488607439080334
BSPRY,-0.000831759011518556
ZNF703,0.008864824441809381
GPX2,0.007831254007632302
NQO1,0.01652623447587143
ABCC3,-0.00801685393260725
SLC44A3,-0.02574271464941861
FAT1,-0.00250198434972081
MET,-0.02073107409459423
ATP1B1,0.010018039383127864
GOLM1,0.007095137302203571
LGALS3,0.007690045235510706
PLEK2,-0.0018373219778399384
DDAH1,0.005863128974583013
MYO1D,0.0040828369079899665
PRR15L,0.006866096596690226
TMEM45B,-0.006179540545073818
SH3BGRL2,0.00576554497226135
EPCAM,0.019935946493375704
PLS1,-0.0028533837690680017
ATP8B1,-0.02775605395122499
F2RL1,-0.02411734451243552
LRATD1,0.011242703113880802
PARM1,-0.029356460198519996
HSD11B2,0.024399342852229677
ST14,0.009657591561197368
CYP2S1,0.00988086492915382
MYH14,0.03202614964403654
PRSS23,-0.008112526163060001
APCDD1,0.011026370526843967
WFS1,-0.01874063154315089
TLE2,-0.009324929929440912
TSKU,-0.007284136744450693
ETV4,-0.0020534226359665703
SPRY4,-0.0183144307297057
CCND1,0.014089646177368112
ATP9A,-0.012663105878996224
TMEM98,-0.0048460377752127266
MYO10,0.0023870614702478517
APP,0.008510279032439859
FKBP9,-0.015251578484239718
CHPF,0.012014513658499348
SH3BP4,0.017716319186169678
ALDOC,0.0007477987359128761
KCNN4,0.0001453198120071044
TRPM4,-0.0018221568371119714
SEL1L3,-0.022361764310612674
TMEM176A,0.008308632670411634
TMEM176B,0.01285063644646455
NELL2,0.010266443605509126
PODXL2,0.01455731406421568
TMEM132A,0.019986957240511097
ABCA3,-0.0019886693243227425
NCS1,0.016333145173712055
SEZ6L2,0.010227191876503958
BOK,0.009036957235792478
CYB561,-0.0007132243509373437
EPB41L1,-0.01045087887398263
CYGB,-0.009361195779293495
SCG5,0.021078667449465023
UCHL1,0.016001208839719894
DPYSL2,0.001078875786870556
SPOCK1,0.01596214141829971
SHC2,0.007750034982358722
SCAMP5,-0.00481038698934419
RGS5,-0.02144572537695496
SYT11,0.0022474256362096526
TUBA1A,0.0019144406352261457
TUBB2A,-0.0005885065342997143
ENO2,0.02155754913136855
SLC22A17,-0.003732409502432747
CRMP1,0.002674030494884433
MAP1B,0.010089390356881748
AKAP12,-0.02377034316146559
NDN,0.01354814781113673
PLPP3,-0.025336197748568417
RAMP2,0.016590922798950095
CADM1,0.0024252274178539596
PEG10,0.0014940165388314418
LPL,0.015634750124915695
CADM4,0.013599072157867065
PLEKHA4,-0.008382314265636504
APOD,0.004059899784205653
S100B,-0.0010007712228236225
EDNRB,0.015414698365428992
PDK4,-0.007716786602058435
LEF1,0.013563986377161654
PKDCC,-0.021169956369608892
FBLN1,0.011497716725437968
SFRP2,0.0196580494295565
ESM1,-0.017564142438035345
BMP2,-0.021210140798711162
NES,0.01452566944910885
EFHD1,0.007948401897250362
BAMBI,0.011089650804980776
ID3,-0.0020360830195592745
STC2,-0.009999395167077683
VEGFA,-0.029630840154783802
LTBP1,-0.027035316815911477
SLCO2A1,-0.0020091300833783026
VCAM1,-0.007147239359021352
GALNT14,-0.025654095131603355
C1QTNF1,-0.011317798495126732
A2M,-0.020020398913259352
CD248,-0.002206513099117203
ENPP2,-0.023812673029865276
TMEM119,0.003352722192458929
ACP5,-0.009467666280832529
MMP9,-0.01093140279249964
ALPL,0.03359003038996491
CPE,-0.012487769316070981
LIMCH1,0.0073005577069458994
FAM20C,-0.0008038609608570408
SPP1,-0.009628435204131387
SERPINE2,-0.004223812012674286
PTN,0.01856236555447789
COL14A1,-0.04150223007997617
MATN2,0.013003747013722007
GNG11,-0.0036549473568720675
GEM,0.000442269825562421
COL15A1,-0.020130921049745117
FSTL1,-0.021037980656113172
LAMA4,-0.007796888880899552
MCAM,-0.0119522336421634
ADGRF5,-0.04269671746820242
PDGFRB,-0.020475616736920697
COL4A1,-0.005501403893544439
COL4A2,0.014459591610037681
VWF,-0.03640857294697941
KDR,-0.03454537551101794
PLVAP,-0.004122341784562019
APLNR,-0.01692132834349419
CLEC14A,-0.012588377818141679
RAB31,-0.004030523235190589
GASK1B,-0.024087372351667052
LRP1,-0.0216052654574041
NID1,-0.025777153299862327
SNAI2,-0.023113153294625148
GJA1,-0.01102348403241566
CSPG4,-0.023808202166582058
TNC,0.0003444730078336358
EDIL3,-0.0198677148622435
HTRA1,-0.019536454241962747
ASPN,0.006319725702514066
HTRA3,-0.009654885672410338
MXRA8,0.018900945974080575
COL16A1,-0.01449719265548301
PRRX1,0.001100338494240513
MMP14,-0.0015078249009852678
OLFML2B,-0.0322979770195089
SULF1,0.009239750443347088
FN1,-0.006805694734995231
TIMP3,0.006110459371957999
COL8A1,0.0012408166199510185
THBS2,-0.015907542987329285
DCN,-0.012628060629376195
SERPINF1,-1.9523924331347058e-05
TIMP2,-0.004603960175587165
ANGPTL2,-0.003571337268993047
COL6A1,-0.024647132360188204
COL6A2,-0.010183128074342601
AEBP1,0.006998280479832119
COL3A1,-0.011374687345248389
COL6A3,-0.01770912728887554
COL5A2,-0.00941146601884786
RCN3,0.01400302477432238
SPARC,-0.01553633227218256
COL5A1,-0.012280155222755992
COL1A1,-0.0033784335536800533
COL1A2,-0.005774032272858507
COL12A1,0.00946512304514698
POSTN,0.0027921846834131772
FBN1,-0.020510490345386285
ANTXR1,-0.005381825438831167
LUM,-0.002885576388833381
MMP2,0.0006831077649216482
OLFML3,-0.0147160207794265
CTHRC1,0.003787562517099103
LOXL1,0.021882247315604588
GPX8,0.006931345622752339
CD276,0.00013323236780693806
FKBP10,-0.013913745136003571
SERPINH1,-0.006751304551454261
CNN3,-0.025905633655366446
SGCB,-0.011724991443860626
MDFI,-0.023153832045607822
SDC2,-0.012604590658266747
PCOLCE,0.009803265344817026
EMILIN1,-0.006067809561640373
MRC2,-0.01619301211953117
LOX,-0.009107642063236453
UNC5B,-0.008478996380788908
ISLR,0.01643326541914184
MMP11,0.0017215985943484769
IGFBP7,0.0046582782872700585
RARRES2,0.003437127810263554
THY1,0.020931853100007693
CNN1,0.00495089688649413
MYH11,-0.002567355126286358
TPM2,0.01813434259136665
MYL9,0.022509490993516703
SPARCL1,-0.0031156558539287204
CALD1,-0.0023200371591162354
ACTA2,-0.0049281479665670485
TAGLN,-0.0044689125939401195
FBLN2,-0.005097115185824645
PDPN,-0.006942439154891874
IGFBP4,-0.022094685565805926
NNMT,0.0036309353257591454
C1R,-0.011492057372446537
C1S,-0.019659470369196443
CCDC80,-0.021675646584205108
SFRP4,-0.01065379370213031
CCN1,-0.008906992852943935
CCN2,0.0015764309750548877
DPYSL3,0.006396276925084432
LTBP2,-0.007899042283212475
SERPINE1,-0.012756959717131833
AXL,-0.0025824581327036243
CAVIN1,-0.0017899084740483596
EHD2,-0.007560837154307632
HSPG2,-0.007488260269991453
PXDN,-0.016251321148345425
ELN,0.00647236011646784
MFAP4,0.00797552590244268
DEPP1,0.018158134721101574
FNDC4,-0.020198388407231666
NRP1,-0.02785737847926763
ANXA5,0.0308984306054005
PXDC1,0.020184430825649073
FABP3,0.007472758963735868
CITED4,-0.002635125993656736
CPXM1,0.026608417948067044
ANO1,0.004833543566613487
MSX1,-0.003637420177009006
GJA4,0.0009519716300208333
SLC7A2,0.007173831598256971
PGGHG,-0.021456216639789562
SPOCK2,-0.009988194644611778
TGM2,-0.0015824770404759413
CD24,0.016916828217249005
IRX3,-0.02577014272484192
CHI3L1,0.005081564008379688
FRZB,0.019435468175488038
MT1E,0.0010209146189018522
MT1F,0.008972155952018944
MT2A,0.004237087235634555
MT1G,-0.015172877179785367
MT1M,-0.024384965391645967
NFIB,0.017746228834255542
STC1,-0.005438801865035201
MEST,-0.013430480098436242
NR2F2,0.0015322815341945793
OLFM2,0.0025225016633880063
GAS1,0.0032539538046167725
IGFBP5,0.01291931746210869
TOP2A,0.007336711940818861
CDC20,0.030271036225518598
UBE2C,0.042595497195793884
SELENOM,-0.0018058415647312454
RBP1,0.020136166513478524
RPL39L,0.009107902525031495
MMP7,0.041005842379369356
SLC40A1,-0.026766337149199806
TRNP1,-0.0018316846960041635
H2AW,0.012233557785813667
CYSTM1,0.05311718780140976
METTL7B,0.02055379372737904
C4orf48,0.03321535415982988
CST3,0.03703114377796927
INHBB,0.019214686312346997
MAL,0.012422295713537394
PLEKHB1,0.027994441116392745
UCP2,0.05703564537443195
MYOF,-0.007296925954067919
NTN4,-0.034769468636811615
STEAP1,-0.006676432479611116
TC2N,-0.024728121967795433
TCEA3,0.01008097660114999
HES4,0.025809397834041518
LARGE2,0.020111866866738
CDC42EP1,0.009568148548281221
TM4SF1,0.0148215259729359
TRIM47,0.04026349423819108
GPRC5C,-0.011947020450348716
QPRT,0.021063580852873274
PON2,-0.006696913363016616
TSPAN12,-0.016331323458699736
SGPP2,0.0029748628660625854
LSR,-0.0030540415710512397
BACE2,-0.006217472067720037
RHPN2,0.004381961194002778
SPINT2,0.0031917215214111597
ADGRG1,0.022815382477597266
ASS1,0.00545679264820883
CD9,0.012810737657316329
C1orf210,0.012045631492679811
TMEM125,-0.006511907793811632
GIPC1,0.014928561205530827
AP1M2,0.012579967471521672
KDF1,0.005589850645648432
LAPTM4B,0.01884039635225203
FAM83H,0.02079020093756949
ESRP1,0.013293632241517469
MAL2,-0.002059351752354011
CEP170B,-0.013303880740980609
TMC4,0.012323014743352196
LGALS3BP,0.035260226295441115
SPINT1,0.029464062574492727
KIAA1522,-0.03167680867588343
PTPRF,-0.003158708153035395
DDR1,-0.003028040696710339
TEAD3,-0.005314937335228439
CRABP2,0.016812064539357605
CDR2L,0.006790623544941463
HID1,0.000999588728084893
SLPI,0.037957204209779646
WFDC2,0.04534597326839603
RRAS,0.0417277488765907
CHCHD10,0.02050820060732708
DUSP23,0.02732972840708615
TMEM238,0.02644934454133287
CLDN3,0.0462380994459108
PCBD1,0.03260892075494669
PPDPF,0.0483727652441235
VWA1,0.007328419654532608
CRIP2,0.02555977866730735
MUC1,-0.001559290224464464
SLC9A3R2,0.04550538581727061
CLU,0.030612862778996986
SCARA3,0.008877042588521959
DHCR24,-0.026982180940566692
EPHX1,0.01743548917529669
GAS6,-0.01877328047643711
CXCL16,0.009640741749898563
SLC25A23,0.021534781029283235
C3,-0.016517073586987594
SERPING1,0.021564776288183308
RNASE1,0.01743101988234497
PLAAT3,0.018882063680404463
PLAAT4,0.00802858689916824
SNCG,0.008031636712351286
SUSD3,0.015250725934520825
BST2,0.030692221978282887
CDKN2A,0.024304322030489635
IFI6,0.04365217779101248
IFI27,0.03126814262309296
ISG15,0.032048685141981455
LY6E,0.018002271539777452
IFITM1,0.03653404031082648
IFITM3,0.0459601592170646
ITGB8,-0.03946920272252926
SCRN1,-0.019745025670901535
PAM,-9.077077200294814e-05
WLS,0.003134556869841851
MARCKSL1,0.03625790234848901
MFAP2,0.037273073631927785
MECOM,0.012411907351244374
ARNT2,-0.01329380240094359
NOTCH3,0.015846894839286592
VANGL2,-0.004098061722406517
FMOD,-0.010388956809978684
PRELP,-0.0028721519039829556
PODXL,-0.024898592493109
CYBRD1,-0.030984588946867685
NFIX,-0.0029131494973454373
RHOU,0.010371927266271602
FAM171A1,0.03958146468892885
FGFR2,0.013658854754058711
LRIG1,-0.008720509496290003
SPON1,-0.015561258290195692
PLTP,0.02857407189494291
ADAMTS1,-0.007288150835655682
IL1R1,-0.001012536392691154
SDC3,0.012160224083929973
SYNPO,-0.004679673499274497
ITGB5,0.008693998652287975
TJP1,0.016588739781614733
PARVA,-0.029512746767676304
TEAD1,-0.04563194555213029
LAMC1,0.003081746189547146
WWTR1,0.006968923854381495
PTPRU,-0.02643454994634812
AMOTL2,-0.01754127141908721
KIAA1217,-0.004886901600724958
LAMB2,-0.0005069349087178408
COL18A1,0.012297129305085005
AGRN,0.0035688334413084954
LAMA5,-0.004293243816654851
SCD5,0.004343617865520311
ID4,-0.0015615920730127845
ENPP5,0.0025020121580191213
BHLHE41,-0.017093781955897995
SCNN1A,-0.006920816986253125
HSD17B14,0.03140650368448246
IGFBP2,0.026306953920120307
PSAT1,0.06408590456962246
AIF1L,0.0044959791591988995
GPRC5B,-0.0006251122971168384
BCAM,0.016305036573049585
NECTIN2,0.017344366820730508
CCDC8,0.030155824277140225
TEAD2,-0.014539231660557544
MDK,0.04401630275487041
CTXN1,0.04067890072605642
PTMS,0.04641924410025311
CTSF,0.014786869362141243
SHISA4,0.0031010673846821567
NRSN2,0.023163956963682612
PFN2,-0.00029642245674265944
CRYAB,0.012773617065642472
GPX3,-0.005011391456567289
SLC1A3,-0.027863560159712072
TNFAIP2,-0.025259553136901553
CCL2,-0.013487996575489365
CEBPD,0.021104030499711438
MTRNR2L12,0.058015133962190955
ACY3,0.006860658151684258
HMGA1,0.026514589321211614
PDLIM1,0.019007613439512815
HSPA1A,0.036555648938630385
HSPA1B,0.04494124699926008
EGR1,-0.002536253321184633
NR4A1,0.0011609188988335154
CLIP3,0.010682574288233587
RAMP1,-0.004121826892263162
BIRC3,-0.002320930536508466
YAP1,0.005389666952257401
COX7A1,0.021238611259684518
GADD45G,0.006495356022672824
HOPX,-0.00623941977162585
RGS1,-0.018887275600134708
RGS16,0.007549583277112446
IL32,0.021186713543392386
LGALS2,-0.01021994073796502
APOC1,0.013191623856613674
APOE,0.011738161447662359
CAPG,0.034088107591430564
CTSD,0.020458297662228037
CTSZ,-0.047241292175472877
CCL18,0.0015865237768592966
PLA2G7,-0.00864027464206714
CD14,-0.011357400139053567
C1QC,-0.003957654273695579
C1QA,0.005355463591255426
C1QB,-0.0036354432640053973
CTSB,-0.0031539621652141832
CTSL,-0.01508391778066922
GZMB,0.015144176816455732
CXCL9,-0.012703032376144018
CCL5,0.012333417967194017
NKG7,0.012688503317538671
CD3D,0.010420653899184017
CD3E,0.013344894873128519
SLAMF7,-0.033338177269642846
CD2,-0.0015661214074921977
GZMA,0.0003511389680715083
CPVL,-0.004383840658903652
FCGR3A,-0.030630743824929047
FPR3,-0.018809965337082204
CD163,-0.0309405182350744
MRC1,-0.011486486457017109
TREM2,0.0036345802996078733
HMOX1,-0.02170020483142011
GPNMB,-0.01744254770309194
CYP27A1,0.008751929859296046
FOLR2,-0.02872930346056414
LGMN,-0.008779302070303576
BASP1,0.023672793666438034
EBF1,-0.0141434660373094
CCL21,-0.00217140016246702
RAMP3,-0.027859047431680904
ALOX5AP,-0.006391649309636869
HLA-DQA2,-0.030733206514161653
HLA-DQB2,-0.013356325215606426
HLA-DRB5,0.009869349834278549
HLA-DOA,-0.021025344006739076
CD74,0.024910101114524266
HLA-DPA1,0.002046819128102864
HLA-DMA,0.016408409154592248
HLA-DPB1,0.018035416630160304
HLA-DQB1,0.008534124335262067
HLA-DRB1,0.012427966153582845
HLA-DQA1,0.013836396376328691
HLA-DRA,-0.00153644571391788
IRAG2,-0.036266377890269895
LMO2,0.005109345663473785
DUSP2,0.019806073164650426
BCL2A1,0.0004002104492241719
CD83,-0.012969253970566447
ADA,0.01842349955066019
KLHL6,-0.022194225352521017
MZB1,-0.017106890488880862
CD79B,-0.0010324458004179833
CD79A,-0.005427858173162879
DTX1,-0.0009087754262414726
LCK,-0.0012614409959428494
BATF,0.006418583315635644
IRF8,-0.03111077277021206
LTB,-0.011271732110644389
CD52,0.0020024446313810125
LIMD2,-0.0010044643775115644
CORO1A,0.0069473437672340444
HCLS1,-0.02804162980309244
BIK,0.018613293417865637
MYBL2,0.036570898500607296
IGF2BP2,-0.009039043717235566
SELENBP1,0.009275820322979517
PTGS2,-0.00968844570124548
GMPR,0.02429342980082049
RBM38,0.008532467270251186
CA2,0.009802259640039454
E2F2,0.019585759436562426
HBB,0.0014073811247118896
TENT5C,-0.024549176907254954
AREG,-0.0006291951692524877
FOSL1,0.00037228875153200625
HBA2,0.05330342781879533
HOXA5,-0.031320527715235275
LAMP5,-0.01587607489476949
SOCS2,-0.025390565458319775
G0S2,0.007346800250167058
SOCS3,-0.01741232222383736
KLF4,-0.01730642591317366
MAFB,0.008824224019070128
CDA,-0.008318851554772508
LTF,-0.0019539672272147575
F13A1,-0.04151981073510122
GATA2,-0.007314043060821629
SOX4,0.03465391935039906
NRGN,0.005987331160334345
CST7,-0.00932246803769998
RNASE2,0.006670525221077989
RAB32,0.02715651984393952
CFD,-0.006604331422760678
CLEC11A,0.03814510971079621
MYADM,-0.012303049152650082
SRGN,-0.013671787028033414
PLAC8,-0.0004042315520708611
SELL,0.017550643361909268
AIF1,-0.0030614062177845985
FCER1G,0.018085774792872565
LST1,0.0030551150822303867
TYROBP,0.019638256805585785
EVI2B,-0.004305086280804185
EMP3,0.01838072557997499
SPI1,0.0040288466079921766
LGALS1,0.03207144964309091
S100A4,0.004820824348898781
VIM,0.03493317793123104
ZNF385A,0.020546332311835724
ZFP36L2,-0.048633907413522005
CTSW,0.012552979533007621
NR4A2,0.001220104396910848
GNG7,0.021196142090208044
GYPC,0.0087111129871936
CYTL1,0.015399063698846178
EGFL7,0.016459688103505073
SLC45A3,0.0009279010188945612
CPA3,-0.013535532978913018
TPSAB1,0.02138283452762381
TPSB2,0.021310299512044762
TNF,-0.014886996415329737
CXCL2,-0.008850614229213748
IL1B,-0.01940744561285763
CDKN2D,0.01487445541522678
RGS2,0.0032075001036265794
CXCR4,0.01560395165880072
GPR183,-0.002512504465962026
PLIN2,0.008403273240689308
CXCL8,-0.015536279037851026
PMAIP1,0.010699761925895048
ATF3,0.016415734078616517
JUN,-0.011750700294526533
H1-10,0.020527780297512798
JUND,0.0524591256731216
RHOB,0.016597081317679646
KLF2,-0.00650148646254152
ZFP36,-0.00761589206262696
FOSB,-0.009168235758232973
DUSP1,0.012563306281092266
FOS,-0.006082337343023006
DUSP5,0.002225377971157538
HBEGF,0.008977585827021685
GADD45B,0.001926658735604947
PLAUR,-1.834948323142258e-05
RUNX3,-0.017162219317107017
CCR7,-0.010458396249824475
IRF4,-0.03020780537230345
IL7R,-0.021295923170123132
PAG1,-0.03565911797310614
RHOH,-0.012522932999694892
ZAP70,-0.010534696246903856
CCND2,-0.007461111247528727
GAB2,-0.019527800095042805
PPP1R16B,-0.025834814771554845
NRIP1,-0.032251876620217515
TP53INP1,-0.013931683064558003
UHRF1,-0.0011742172744506384
ALOX5,-0.016518774468518696
LRRK2,-0.02034431805603803
FPR1,-0.01924731899617211
MNDA,-0.005897730788732545
THEMIS2,0.005680616567867394
ITGAX,-0.020284219849436177
HK3,-0.012847947190683585
ITGAM,-0.023644248667773378
FGR,-0.020901374678822044
NCF2,-0.01023713407886738
VCAN,-0.011868791143048073
MPEG1,-0.033438340284151685
CTSS,-0.005505052964122211
ITGB2,-0.023013443187204642
LYZ,-0.027625507951078265
PYGL,0.009841224664152047
SERPINB1,0.0032536521171569518
SLC17A9,-0.025916445707129296
H2BC8,0.009159864003728589
H2AC6,-0.0008284929802640314
H2BC12,0.03931221931597849
H4C8,0.019233794802296048
H1-2,0.0260140900077723
H2BC21,-0.0019401461954393832
H4C12,0.03156939112863434
H2BC11,0.02706026851636723
H2AC11,0.009907186087432837
H3C10,0.02492794959802512
H2BC17,0.033428897243329224
H4C3,0.04589593437564229
H2AC13,0.009417676676458485
H2BC9,0.024376676287288044
H2BC5,0.029129134874363152
H2AC8,0.021710002369902153
H2BC7,0.008922646604643139
H4C5,-0.0060695752556858265
H2BC18,0.007051528697668389
H1-4,0.013998422050910163
H2AC20,0.041809010174519844
H2BC4,0.012826408634416924
UBASH3B,-0.026833135686730597
ITGA4,-0.04351471057400342
MYB,0.012668071718517056
KIT,-0.02371751884931073
CDK6,-0.011136323961033312
ERG,-0.01124337539149349
PIK3AP1,-0.033940436204330425
ATP2A3,-0.01280107544042197
SYK,0.026782466320265336
CCDC69,-0.015053451203168483
LAPTM5,-0.03380990793716391
CD37,-0.001673746584470309
ARHGDIB,-0.0021459226807978102
GPSM3,-0.0029565131626330663
RAC2,0.0035064459552886407
GMFG,0.0014851903306954716
S1PR4,-0.006311258061914416
NCF4,-0.022859625372077613
DOK3,-0.011830318654283764
PTPN7,-0.008237819126296255
CD53,-0.017481949189076418
FERMT3,-0.018220839072771094
ARHGAP30,-0.036278349199720304
LCP1,0.012565071061978447
APBB1IP,-0.021580841607220354
RCSD1,-0.03367592771077187
CSF2RB,-0.03212948530959971
HSH2D,0.0064639353101227336
LAT2,-0.016635313081491503
CD38,-0.02424216552565933
EMB,0.003525717364420368
EAF2,-0.010357867378758089
LAIR1,-0.017439897040405758
GAS7,-0.014234046202208426
RFLNB,0.007978220201929261
RIPOR2,0.008006193681883282
WDFY4,-0.030137731793370353
ADAM8,-0.018513726029279746
MYO15B,-0.026628269369849886
ZNF460,-0.03123447493336753
TENT5A,0.006079002833025734
JMJD1C,-0.011226448912136694
ZEB2,-0.0358519773555433
CYTH4,-0.03645076925582185
ADGRE5,0.01106036272234834
CSF3R,-0.031119373792910104
NFKBID,-0.002491612829080725
FMNL1,0.004196617622469465
DENND3,-0.032196760248626805
PTPRE,-0.0016660719545017132
PTPRC,-0.0200945240563852
CYTIP,0.004579193602456588
STK17B,-0.0255563836187508
RASSF2,-0.01919378330547123
PIK3CG,-0.024588364741792344
PLEK,-0.03246346338799187
RAB37,-0.01599505710351396
SPN,0.0002170550316791925
BIN2,-0.015506610021331751
PRKCB,-0.0017113316025979938
C16orf54,-0.018182206470703052
MYO1G,-0.004645503468752516
CELF2,0.003928425588790382
IRAK3,-0.04651012184959498
IKZF1,-0.01953297356218908
TMC8,-0.01537837144008388
PIK3CD,-0.049461319053245724
ARHGAP45,-0.021192704244526083
VAV1,-0.014039800019943857
RASGRP2,-0.0345883586290422
INPP5D,-0.0350179975184609
NCKAP1L,-0.038267673873553766
DOCK2,-0.03137208134161604
DOCK8,-0.03502479788723371
PTK2B,-0.020330779754049153
MYO1F,-0.027375942642603877
PREX1,-0.017580642550981435
CD69,-0.037460808864544254
CLEC2B,0.001982578204903309
CD44,-0.015421530996690209
HHEX,-0.0015987977229428342
SMIM3,-0.014464728234755099
GNA15,-0.00591005583359727
ITGA5,-0.008309531381153661
IRS2,0.017113150963510217
PER1,-0.00030906753235027557
TAMALIN,0.017108373049304394
PDE4B,-0.018521280227296568
SLC2A3,-0.019879769249203597
TNFAIP3,-0.019415636796473238
DUSP10,-0.010380601270078872
PTGER4,-0.004467511001199252
TRIB1,0.011222914814227884
CSRNP1,-0.0013157407188340887
KLF6,0.006621886164099956
PPP1R15A,-0.005816465394742117
CCNL1,-0.02912566173661068
NFKBIZ,-0.036926373152763134
TAGAP,-0.026389128684643656
MME,-0.0029856070842316745
CAVIN2,0.014345903914717397
CXCL12,-0.032766264980443514
